match_id,round_number,match_date,venue,year,home_team,away_team,pre_match_home_rating,pre_match_away_rating,rating_difference,adjusted_rating_difference,home_win_probability,away_win_probability,predicted_winner,confidence,hscore,ascore,actual_result,margin,rating_change,post_match_home_rating,post_match_away_rating,correct
1,OR,2025-03-07T08:40:00+00:00,S.C.G.,2025,Sydney,Hawthorn,1566.9939447998158,1515.3849078048577,51.60903699495816,111.60903699495816,0.6553123306866926,0.3446876693133074,Sydney,0.6553123306866926,76.0,96.0,away_win,-20.0,-5.792945821148313,1561.2009989786675,1521.177853626006,False
2,OR,2025-03-09T04:20:00+00:00,Sydney Showground,2025,Greater Western Sydney,Collingwood,1520.3530590003559,1526.5653113067474,-6.21225230639152,53.78774769360848,0.5767942537453086,0.42320574625469143,Greater Western Sydney,0.5767942537453086,104.0,52.0,home_win,52.0,5.003281426190004,1525.3563404265458,1521.5620298805575,True
3,1,2025-03-13T08:30:00+00:00,M.C.G.,2025,Richmond,Carlton,1411.7197220949595,1519.8327633827946,-108.11304128783513,-48.11304128783513,0.43119900171002445,0.5688009982899755,Carlton,0.5688009982899755,82.0,69.0,home_win,13.0,4.293813329896173,1416.0135354248557,1515.5389500528984,False
4,1,2025-03-14T08:40:00+00:00,M.C.G.,2025,Hawthorn,Essendon,1521.177853626006,1482.9547166370903,38.22313698891571,98.22313698891571,0.6377051919145382,0.3622948080854618,Hawthorn,0.6377051919145382,111.0,85.0,home_win,26.0,3.4946269761198816,1524.672480602126,1479.4600896609704,True
5,1,2025-03-15T02:20:00+00:00,Kardinia Park,2025,Geelong,Fremantle,1545.34457354294,1513.2398378390562,32.10473570388376,92.10473570388376,0.6295291695295602,0.3704708304704398,Geelong,0.6295291695295602,147.0,69.0,home_win,78.0,4.85934986279502,1550.203923405735,1508.3804879762613,True
6,1,2025-03-15T05:15:00+00:00,S.C.G.,2025,Sydney,Brisbane Lions,1561.2009989786675,1578.2642881449297,-17.063289166262166,42.936710833737834,0.5614782375328328,0.43852176246716723,Sydney,0.5614782375328328,82.0,86.0,away_win,-4.0,-2.446859071688972,1558.7541399069785,1580.7111472166187,False
7,1,2025-03-15T08:35:00+00:00,M.C.G.,2025,Collingwood,Port Adelaide,1521.5620298805575,1530.9319234256288,-9.369893545071363,50.63010645492864,0.5723511583796042,0.42764884162039585,Collingwood,0.5723511583796042,136.0,45.0,home_win,91.0,5.820937013011251,1527.3829668935687,1525.1109864126176,True
8,1,2025-03-15T08:35:00+00:00,Docklands,2025,Western Bulldogs,North Melbourne,1536.8127796627841,1377.9038477852594,158.90893187752476,218.90893187752476,0.77905039780753,0.22094960219246995,Western Bulldogs,0.77905039780753,113.0,97.0,home_win,16.0,1.8041682147763771,1538.6169478775605,1376.099679570483,True
9,1,2025-03-16T01:35:00+00:00,Adelaide Oval,2025,Adelaide,St Kilda,1478.838216327693,1499.4066139828485,-20.568397655155422,39.43160234484458,0.5565042402552827,0.44349575974471733,Adelaide,0.5565042402552827,135.0,72.0,home_win,63.0,5.514186291498039,1484.352402619191,1493.8924276913506,True
10,1,2025-03-16T04:20:00+00:00,M.C.G.,2025,Melbourne,Greater Western Sydney,1523.474871056004,1525.3563404265458,-1.8814693705417085,58.11853062945829,0.582867788106244,0.41713221189375604,Melbourne,0.582867788106244,74.0,77.0,away_win,-3.0,-2.1526898134035712,1521.3221812426004,1527.5090302399494,False
11,1,2025-03-16T07:10:00+00:00,Perth Stadium,2025,West Coast,Gold Coast,1393.9372392151581,1478.0413845368653,-84.10414532170716,-24.104145321707165,0.4653668940967126,0.5346331059032874,Gold Coast,0.5346331059032874,49.0,136.0,away_win,-87.0,-6.267128742571329,1387.6701104725869,1484.3085132794365,True
12,2,2025-03-20T08:30:00+00:00,M.C.G.,2025,Carlton,Hawthorn,1515.5389500528984,1524.672480602126,-9.133530549227544,50.866469450772456,0.5726841568446783,0.4273158431553217,Carlton,0.5726841568446783,60.0,80.0,away_win,-20.0,-5.062514678695018,1510.4764353742034,1529.7349952808208,False
13,2,2025-03-21T08:40:00+00:00,M.C.G.,2025,Western Bulldogs,Collingwood,1538.6169478775605,1527.3829668935687,11.233980983991842,71.23398098399184,0.6011012482127083,0.3988987517872917,Western Bulldogs,0.6011012482127083,70.0,76.0,away_win,-6.0,-3.234988825225734,1535.3819590523349,1530.6179557187943,False
14,2,2025-03-22T02:20:00+00:00,M.C.G.,2025,Essendon,Adelaide,1479.4600896609704,1484.352402619191,-4.8923129582206,55.1076870417794,0.5786478994550124,0.4213521005449876,Essendon,0.5786478994550124,100.0,161.0,away_win,-61.0,-7.1350300408184655,1472.325059620152,1491.4874326600095,False
15,2,2025-03-22T05:15:00+00:00,Adelaide Oval,2025,Port Adelaide,Richmond,1525.1109864126176,1416.0135354248557,109.09745098776193,169.09745098776193,0.7257973027737127,0.2742026972262873,Port Adelaide,0.7257973027737127,140.0,68.0,home_win,72.0,3.526326129294015,1528.6373125419116,1412.4872092955618,True
16,2,2025-03-22T08:35:00+00:00,Docklands,2025,St Kilda,Geelong,1493.8924276913506,1550.203923405735,-56.311495714384364,3.688504285615636,0.5053079849499971,0.49469201505000293,St Kilda,0.5053079849499971,98.0,91.0,home_win,7.0,2.866262851874857,1496.7586905432254,1547.3376605538601,True
17,2,2025-03-23T02:10:00+00:00,Gabba,2025,Brisbane Lions,West Coast,1580.7111472166187,1387.6701104725869,193.04103674403177,253.04103674403177,0.8110153670818743,0.18898463291812573,Brisbane Lions,0.8110153670818743,94.0,75.0,home_win,19.0,1.6411372995061484,1582.3522845161249,1386.0289731730807,True
18,2,2025-03-23T04:20:00+00:00,Docklands,2025,North Melbourne,Melbourne,1376.099679570483,1521.3221812426004,-145.22250167211746,-85.22250167211746,0.37975690752776503,0.620243092472235,Melbourne,0.620243092472235,125.0,66.0,home_win,59.0,7.581994807497008,1383.68167437798,1513.7401864351034,False
19,2,2025-03-23T07:10:00+00:00,Perth Stadium,2025,Fremantle,Sydney,1508.3804879762613,1558.7541399069785,-50.37365193071719,9.626348069282813,0.5138498846124381,0.4861501153875619,Fremantle,0.5138498846124381,65.0,68.0,away_win,-3.0,-1.8977878599497549,1506.4827001163114,1560.6519277669283,False
20,3,2025-03-27T08:30:00+00:00,Docklands,2025,Essendon,Port Adelaide,1472.325059620152,1528.6373125419116,-56.31225292175964,3.6877470782403634,0.5053068953637716,0.4946931046362284,Essendon,0.5053068953637716,72.0,60.0,home_win,12.0,3.6183940863172555,1475.9434537064692,1525.0189184555943,True
21,3,2025-03-28T08:40:00+00:00,Docklands,2025,Carlton,Western Bulldogs,1510.4764353742034,1535.3819590523349,-24.90552367813143,35.09447632186857,0.5503339414453334,0.44966605855466657,Carlton,0.5503339414453334,75.0,83.0,away_win,-8.0,-3.3900698293106557,1507.0863655448927,1538.7720288816456,False
22,3,2025-03-29T02:20:00+00:00,M.C.G.,2025,Melbourne,Gold Coast,1513.7401864351034,1484.3085132794365,29.431673155666886,89.43167315566689,0.6259333940031475,0.3740666059968525,Melbourne,0.6259333940031475,62.0,120.0,away_win,-58.0,-7.617458739883321,1506.12272769522,1491.92597201932,False
23,3,2025-03-29T05:15:00+00:00,Docklands,2025,St Kilda,Richmond,1496.7586905432254,1412.4872092955618,84.27148124766359,144.2714812476636,0.6964592476422204,0.30354075235777955,St Kilda,0.6964592476422204,135.0,53.0,home_win,82.0,4.030132506470505,1500.7888230496958,1408.4570767890914,True
24,3,2025-03-29T08:35:00+00:00,Gabba,2025,Brisbane Lions,Geelong,1582.3522845161249,1547.3376605538601,35.01462396226475,95.01462396226475,0.6334272471810684,0.36657275281893165,Brisbane Lions,0.6334272471810684,70.0,61.0,home_win,9.0,2.378721107915393,1584.7310056240403,1544.9589394459447,True
25,3,2025-03-29T08:35:00+00:00,York Park,2025,Hawthorn,Greater Western Sydney,1529.7349952808208,1527.5090302399494,2.225965040871415,62.225965040871415,0.5886049859014374,0.4113950140985626,Hawthorn,0.5886049859014374,76.0,64.0,home_win,12.0,3.0091167073154863,1532.7441119881364,1524.4999135326339,True
26,3,2025-03-30T04:20:00+00:00,Adelaide Oval,2025,Adelaide,North Melbourne,1491.4874326600095,1383.68167437798,107.8057582820295,167.8057582820295,0.7243150245200304,0.2756849754799696,Adelaide,0.7243150245200304,114.0,78.0,home_win,36.0,2.9389466404921656,1494.4263793005016,1380.742727737488,True
27,3,2025-03-30T07:10:00+00:00,Perth Stadium,2025,West Coast,Fremantle,1386.0289731730807,1506.4827001163114,-120.45372694323078,-60.45372694323078,0.4138675904233332,0.5861324095766668,Fremantle,0.5861324095766668,68.0,106.0,away_win,-38.0,-4.48237411898589,1381.5465990540947,1510.9650742352974,True
28,4,2025-04-03T08:30:00+00:00,M.C.G.,2025,Collingwood,Carlton,1530.6179557187943,1507.0863655448927,23.531590173901577,83.53159017390158,0.6179477401365115,0.38205225986348845,Collingwood,0.6179477401365115,63.0,46.0,home_win,17.0,3.1892350096070463,1533.8071907284013,1503.8971305352857,True
29,4,2025-04-04T08:40:00+00:00,Kardinia Park,2025,Geelong,Melbourne,1544.9589394459447,1506.12272769522,38.836211750724715,98.83621175072471,0.6385201583834457,0.36147984161655433,Geelong,0.6385201583834457,85.0,46.0,home_win,39.0,3.9445450666163553,1548.9034845125611,1502.1781826286035,True
30,4,2025-04-05T02:20:00+00:00,Carrara,2025,Gold Coast,Adelaide,1491.92597201932,1494.4263793005016,-2.5004072811816513,57.49959271881835,0.5820012765689178,0.41799872343108224,Gold Coast,0.5820012765689178,91.0,90.0,home_win,1.0,0.7240352987331501,1492.650007318053,1493.7023440017686,True
31,4,2025-04-05T05:15:00+00:00,M.C.G.,2025,Richmond,Brisbane Lions,1408.4570767890914,1584.7310056240403,-176.27392883494895,-116.27392883494895,0.3386476565815928,0.6613523434184072,Brisbane Lions,0.6613523434184072,90.0,118.0,away_win,-28.0,-3.34433409804977,1405.1127426910416,1588.0753397220901,True
32,4,2025-04-05T08:35:00+00:00,Docklands,2025,North Melbourne,Sydney,1380.742727737488,1560.6519277669283,-179.9092000294404,-119.9092000294404,0.33397682981327215,0.6660231701867279,Sydney,0.6660231701867279,52.0,117.0,away_win,-65.0,-4.185815017017213,1376.5569127204708,1564.8377427839455,True
33,4,2025-04-06T03:10:00+00:00,Sydney Showground,2025,Greater Western Sydney,West Coast,1524.4999135326339,1381.5465990540947,142.95331447853914,202.95331447853914,0.7628363634658959,0.2371636365341041,Greater Western Sydney,0.7628363634658959,132.0,51.0,home_win,81.0,3.139503113254279,1527.639416645888,1378.4070959408405,True
34,4,2025-04-06T05:20:00+00:00,Adelaide Oval,2025,Port Adelaide,St Kilda,1525.0189184555943,1500.7888230496958,24.23009540589851,84.23009540589851,0.6188965809960271,0.38110341900397293,Port Adelaide,0.6188965809960271,72.0,89.0,away_win,-17.0,-5.166326313954786,1519.8525921416394,1505.9551493636507,False
35,4,2025-04-06T07:10:00+00:00,Perth Stadium,2025,Fremantle,Western Bulldogs,1510.9650742352974,1538.7720288816456,-27.80695464634823,32.19304535365177,0.546197379844018,0.45380262015598205,Fremantle,0.546197379844018,97.0,81.0,home_win,16.0,3.705533999352742,1514.6706082346502,1535.0664948822928,True
36,5,2025-04-10T09:40:00+00:00,Adelaide Oval,2025,Adelaide,Geelong,1493.7023440017686,1548.9034845125611,-55.201140510792584,4.798859489207416,0.5069056748081523,0.4930943251918477,Adelaide,0.5069056748081523,100.0,119.0,away_win,-19.0,-4.401954790786613,1489.3003892109818,1553.3054393033478,False
37,5,2025-04-11T09:40:00+00:00,Adelaide Oval,2025,Collingwood,Sydney,1533.8071907284013,1564.8377427839455,-31.03055205554415,28.96944794445585,0.5415940393614336,0.4584059606385664,Collingwood,0.5415940393614336,109.0,78.0,home_win,31.0,4.67227430193753,1538.4794650303388,1560.165468482008,True
38,5,2025-04-12T02:35:00+00:00,Barossa Park,2025,North Melbourne,Gold Coast,1376.5569127204708,1492.650007318053,-116.0930945975822,-56.093094597582194,0.4199696924818371,0.580030307518163,Gold Coast,0.580030307518163,89.0,141.0,away_win,-52.0,-4.96502370431557,1371.5918890161552,1497.6150310223686,True
39,5,2025-04-12T03:20:00+00:00,Adelaide Oval,2025,Carlton,West Coast,1503.8971305352857,1378.4070959408405,125.4900345944452,185.4900345944452,0.7441719284457599,0.25582807155424014,Carlton,0.7441719284457599,121.0,50.0,home_win,71.0,3.278571900829112,1507.1757024361148,1375.1285240400114,True
40,5,2025-04-12T06:15:00+00:00,Norwood Oval,2025,Western Bulldogs,Brisbane Lions,1535.0664948822928,1588.0753397220901,-53.00884483979735,6.991155160202652,0.510059723338788,0.489940276661212,Western Bulldogs,0.510059723338788,97.0,118.0,away_win,-21.0,-4.584857850022671,1530.48163703227,1592.6601975721128,False
41,5,2025-04-12T09:35:00+00:00,Adelaide Oval,2025,Melbourne,Essendon,1502.1781826286035,1475.9434537064692,26.23472892213431,86.23472892213431,0.6216145928634913,0.3783854071365087,Melbourne,0.6216145928634913,57.0,96.0,away_win,-39.0,-6.783190909487573,1495.394991719116,1482.7266446159567,False
42,5,2025-04-13T02:35:00+00:00,Barossa Park,2025,Richmond,Fremantle,1405.1127426910416,1514.6706082346502,-109.55786554360861,-49.557865543608614,0.4291602803473612,0.5708397196526388,Fremantle,0.5708397196526388,47.0,108.0,away_win,-61.0,-5.2917698232179635,1399.8209728678237,1519.9623780578681,True
43,5,2025-04-13T05:20:00+00:00,Norwood Oval,2025,St Kilda,Greater Western Sydney,1505.9551493636507,1527.639416645888,-21.684267282237442,38.31573271776256,0.5549183129851194,0.4450816870148806,St Kilda,0.5549183129851194,82.0,110.0,away_win,-28.0,-5.480127205018029,1500.4750221586326,1533.1195438509062,False
44,5,2025-04-13T09:20:00+00:00,Adelaide Oval,2025,Port Adelaide,Hawthorn,1519.8525921416394,1532.7441119881364,-12.891519846496976,47.108480153503024,0.5673821310012662,0.4326178689987338,Port Adelaide,0.5673821310012662,121.0,91.0,home_win,30.0,4.365196913582108,1524.2177890552216,1528.3789150745542,True
45,6,2025-04-17T09:30:00+00:00,Gabba,2025,Brisbane Lions,Collingwood,1592.6601975721128,1538.4794650303388,54.18073254177398,114.18073254177398,0.658648468867296,0.341351531132704,Brisbane Lions,0.658648468867296,53.0,105.0,away_win,-52.0,-7.786764900609371,1584.8734326715035,1546.2662299309482,False
46,6,2025-04-18T05:20:00+00:00,Docklands,2025,North Melbourne,Carlton,1371.5918890161552,1507.1757024361148,-135.5838134199596,-75.5838134199596,0.39291025453944745,0.6070897454605526,Carlton,0.6070897454605526,71.0,153.0,away_win,-82.0,-5.216697845825326,1366.3751911703298,1512.3924002819401,True
47,6,2025-04-18T08:10:00+00:00,Perth Stadium,2025,West Coast,Essendon,1375.1285240400114,1482.7266446159567,-107.59812057594536,-47.59812057594536,0.43192614903985577,0.5680738509601442,Essendon,0.5680738509601442,75.0,77.0,away_win,-2.0,-1.234367718348998,1373.8941563216624,1483.9610123343057,True
48,6,2025-04-19T03:20:00+00:00,M.C.G.,2025,Melbourne,Fremantle,1495.394991719116,1519.9623780578681,-24.567386338752158,35.43261366124784,0.5508155814479199,0.44918441855208013,Melbourne,0.5508155814479199,107.0,97.0,home_win,10.0,3.049058904693661,1498.4440506238097,1516.9133191531744,True
49,6,2025-04-19T06:15:00+00:00,Adelaide Oval,2025,Adelaide,Greater Western Sydney,1489.3003892109818,1533.1195438509062,-43.81915463992436,16.180845360075637,0.523269287283396,0.47673071271660405,Adelaide,0.523269287283396,52.0,34.0,home_win,18.0,4.061810594007239,1493.3621998049891,1529.057733256899,True
50,6,2025-04-19T09:35:00+00:00,Docklands,2025,Richmond,Gold Coast,1399.8209728678237,1497.6150310223686,-97.79405815454493,-37.79405815454493,0.4458235017307669,0.5541764982692331,Gold Coast,0.5541764982692331,80.0,69.0,home_win,11.0,3.9134869755920882,1403.7344598434158,1493.7015440467765,False
51,6,2025-04-20T05:20:00+00:00,S.C.G.,2025,Sydney,Port Adelaide,1560.165468482008,1524.2177890552216,35.94767942678641,95.94767942678641,0.6346735050411948,0.3653264949588052,Sydney,0.6346735050411948,77.0,85.0,away_win,-8.0,-3.9096034950203475,1556.2558649869877,1528.127392550242,False
52,6,2025-04-20T09:20:00+00:00,Docklands,2025,Western Bulldogs,St Kilda,1530.48163703227,1500.4750221586326,30.006614873637545,90.00661487363755,0.6267079899346708,0.3732920100653292,Western Bulldogs,0.6267079899346708,127.0,56.0,home_win,71.0,4.783934333589053,1535.2655713658592,1495.6910878250435,True
53,6,2025-04-21T05:20:00+00:00,M.C.G.,2025,Geelong,Hawthorn,1553.3054393033478,1528.3789150745542,24.926524228793596,84.9265242287936,0.6198416985360501,0.3801583014639499,Geelong,0.6198416985360501,86.0,79.0,home_win,7.0,2.202650506108985,1555.5080898094568,1526.1762645684453,True
54,7,2025-04-24T09:30:00+00:00,M.C.G.,2025,Melbourne,Richmond,1498.4440506238097,1403.7344598434158,94.70959078039391,154.7095907803939,0.7090098483998888,0.2909901516001112,Melbourne,0.7090098483998888,83.0,63.0,home_win,20.0,2.572346198553547,1501.0163968223633,1401.1621136448623,True
55,7,2025-04-25T05:20:00+00:00,M.C.G.,2025,Collingwood,Essendon,1546.2662299309482,1483.9610123343057,62.30521759664248,122.30521759664248,0.6690840843650951,0.33091591563490486,Collingwood,0.6690840843650951,107.0,66.0,home_win,41.0,3.6631836589099134,1549.929413589858,1480.2978286753957,True
56,7,2025-04-25T10:10:00+00:00,Perth Stadium,2025,Fremantle,Adelaide,1516.9133191531744,1493.3621998049891,23.55111934818524,83.55111934818524,0.6179742805900975,0.3820257194099025,Fremantle,0.6179742805900975,85.0,67.0,home_win,18.0,3.254911154014127,1520.1682303071884,1490.107288650975,True
57,7,2025-04-26T03:20:00+00:00,Docklands,2025,St Kilda,Brisbane Lions,1495.6910878250435,1584.8734326715035,-89.18234484645996,-29.182344846459955,0.45810171316586173,0.5418982868341382,Brisbane Lions,0.5418982868341382,73.0,118.0,away_win,-45.0,-5.205833909271097,1490.4852539157723,1590.0792665807746,True
58,7,2025-04-26T06:15:00+00:00,Adelaide Oval,2025,Port Adelaide,North Melbourne,1528.127392550242,1366.3751911703298,161.7522013799121,221.7522013799121,0.7818548227955769,0.21814517720442306,Port Adelaide,0.7818548227955769,97.0,88.0,home_win,9.0,1.4155622140918327,1529.5429547643337,1364.959628956238,True
59,7,2025-04-26T09:35:00+00:00,Manuka Oval,2025,Greater Western Sydney,Western Bulldogs,1529.057733256899,1535.2655713658592,-6.207838108960232,53.79216189103977,0.5768004564211433,0.4231995435788567,Greater Western Sydney,0.5768004564211433,81.0,113.0,away_win,-32.0,-5.936187638135728,1523.121545618763,1541.201759003995,False
60,7,2025-04-27T03:10:00+00:00,Carrara,2025,Gold Coast,Sydney,1493.7015440467765,1556.2558649869877,-62.554320940211255,-2.554320940211255,0.4963241029034023,0.5036758970965978,Sydney,0.5036758970965978,117.0,79.0,home_win,38.0,5.455038900710952,1499.1565829474873,1550.8008260862769,False
61,7,2025-04-27T05:20:00+00:00,M.C.G.,2025,Carlton,Geelong,1512.3924002819401,1555.5080898094568,-43.11568952751668,16.88431047248332,0.5242793657756081,0.4757206342243919,Carlton,0.5242793657756081,94.0,76.0,home_win,18.0,4.0532045877001,1516.4456048696402,1551.4548852217567,True
62,7,2025-04-27T06:40:00+00:00,Docklands,2025,Hawthorn,West Coast,1526.1762645684453,1373.8941563216624,152.28210824678285,212.28210824678285,0.7724142739025655,0.22758572609743455,Hawthorn,0.7724142739025655,124.0,74.0,home_win,50.0,2.662251865645749,1528.838516434091,1371.2319044560168,True
63,8,2025-05-01T09:30:00+00:00,Docklands,2025,Essendon,North Melbourne,1480.2978286753957,1364.959628956238,115.33819971915773,175.33819971915773,0.7328885804136349,0.2671114195863651,Essendon,0.7328885804136349,65.0,62.0,home_win,3.0,0.9865153705878218,1481.2843440459835,1363.9731135856503,True
64,8,2025-05-02T09:40:00+00:00,Docklands,2025,St Kilda,Fremantle,1490.4852539157723,1520.1682303071884,-29.682976391416105,30.317023608583895,0.5435193052077167,0.45648069479228326,St Kilda,0.5435193052077167,94.0,33.0,home_win,61.0,5.628644765606456,1496.1138986813787,1514.539585541582,True
65,8,2025-05-03T03:20:00+00:00,Eureka Stadium,2025,Western Bulldogs,Port Adelaide,1541.201759003995,1529.5429547643337,11.658804239661322,71.65880423966132,0.6016874764166235,0.39831252358337654,Western Bulldogs,0.6016874764166235,131.0,41.0,home_win,90.0,5.407482079621989,1546.609241083617,1524.1354726847117,True
66,8,2025-05-03T06:15:00+00:00,Adelaide Oval,2025,Adelaide,Carlton,1490.107288650975,1516.4456048696402,-26.338316218665113,33.66168378133489,0.5482920470130055,0.4517079529869945,Adelaide,0.5482920470130055,110.0,50.0,home_win,60.0,5.5459837624843145,1495.6532724134595,1510.8996211071558,True
67,8,2025-05-03T09:35:00+00:00,M.C.G.,2025,Collingwood,Geelong,1549.929413589858,1551.4548852217567,-1.5254716318986539,58.474528368101346,0.5833659526596483,0.4166340473403517,Collingwood,0.5833659526596483,87.0,90.0,away_win,-3.0,-2.1545296710546458,1547.7748839188034,1553.6094148928114,False
68,8,2025-05-03T09:35:00+00:00,Perth Stadium,2025,West Coast,Melbourne,1371.2319044560168,1501.0163968223633,-129.7844923663465,-69.78449236634651,0.40090112399809646,0.5990988760019036,Melbourne,0.5990988760019036,76.0,108.0,away_win,-32.0,-4.125905709503498,1367.1059987465133,1505.1423025318668,True
69,8,2025-05-04T03:10:00+00:00,S.C.G.,2025,Sydney,Greater Western Sydney,1550.8008260862769,1523.121545618763,27.679280467513763,87.67928046751376,0.6235684951739466,0.37643150482605336,Sydney,0.6235684951739466,87.0,73.0,home_win,14.0,2.9239807489920095,1553.724806835269,1520.197564869771,True
70,8,2025-05-04T05:20:00+00:00,M.C.G.,2025,Hawthorn,Richmond,1528.838516434091,1401.1621136448623,127.67640278922863,187.67640278922863,0.7465606316172192,0.2534393683827808,Hawthorn,0.7465606316172192,109.0,44.0,home_win,65.0,3.1764188990988607,1532.01493533319,1397.9856947457633,True
71,8,2025-05-04T09:20:00+00:00,Gabba,2025,Brisbane Lions,Gold Coast,1590.0792665807746,1499.1565829474873,90.9226836332873,150.9226836332873,0.7044919453220705,0.2955080546779295,Brisbane Lions,0.7044919453220705,66.0,49.0,home_win,17.0,2.4667950765072613,1592.5460616572818,1496.6897878709801,True
72,9,2025-05-08T10:10:00+00:00,Perth Stadium,2025,Fremantle,Collingwood,1514.539585541582,1547.7748839188034,-33.2352983772214,26.764701622778603,0.5384414896397843,0.46155851036021567,Fremantle,0.5384414896397843,83.0,97.0,away_win,-14.0,-4.182414410007544,1510.3571711315744,1551.957298328811,False
73,9,2025-05-09T09:40:00+00:00,M.C.G.,2025,St Kilda,Carlton,1496.1138986813787,1510.8996211071558,-14.785722425777067,45.21427757422293,0.5647037205648332,0.4352962794351668,St Kilda,0.5647037205648332,62.0,77.0,away_win,-15.0,-4.502175686700805,1491.6117229946778,1515.4017967938566,False
74,9,2025-05-10T03:20:00+00:00,M.C.G.,2025,Melbourne,Hawthorn,1505.1423025318668,1532.01493533319,-26.872632801323107,33.12736719867689,0.5475301641516533,0.45246983584834666,Melbourne,0.5475301641516533,56.0,91.0,away_win,-35.0,-5.788556781046898,1499.3537457508198,1537.8034921142369,False
75,9,2025-05-10T06:15:00+00:00,Docklands,2025,Essendon,Sydney,1481.2843440459835,1553.724806835269,-72.44046278928545,-12.440462789285448,0.48210438227688945,0.5178956177231105,Sydney,0.5178956177231105,71.0,63.0,home_win,8.0,3.1902490036583036,1484.4745930496417,1550.5345578316108,False
76,9,2025-05-10T09:35:00+00:00,Marrara Oval,2025,Gold Coast,Western Bulldogs,1496.6897878709801,1546.609241083617,-49.91945321263688,10.080546787363119,0.5145030035618051,0.4854969964381949,Gold Coast,0.5145030035618051,106.0,96.0,home_win,10.0,3.2955482849641013,1499.9853361559442,1543.313692798653,True
77,9,2025-05-10T10:10:00+00:00,Adelaide Oval,2025,Port Adelaide,Adelaide,1524.1354726847117,1495.6532724134595,28.482200271252168,88.48220027125217,0.6246527946680276,0.3753472053319724,Port Adelaide,0.6246527946680276,84.0,89.0,away_win,-5.0,-3.0669259342576,1521.068546750454,1498.720198347717,False
78,9,2025-05-11T03:10:00+00:00,M.C.G.,2025,Richmond,West Coast,1397.9856947457633,1367.1059987465133,30.87969599925009,90.87969599925009,0.6278830141900101,0.37211698580998986,Richmond,0.6278830141900101,81.0,79.0,home_win,2.0,1.0634438219455875,1399.049138567709,1366.0425549245676,True
79,9,2025-05-11T05:20:00+00:00,Kardinia Park,2025,Geelong,Greater Western Sydney,1553.6094148928114,1520.197564869771,33.411850023040415,93.41185002304042,0.6312822991690183,0.36871770083098165,Geelong,0.6312822991690183,101.0,105.0,away_win,-4.0,-2.751057329141914,1550.8583575636694,1522.948622198913,False
80,9,2025-05-11T06:40:00+00:00,Bellerive Oval,2025,North Melbourne,Brisbane Lions,1363.9731135856503,1592.5460616572818,-228.57294807163157,-168.57294807163157,0.2748039907497412,0.7251960092502587,Brisbane Lions,0.7251960092502587,71.0,71.0,draw,0.0,0.0,1363.9731135856503,1592.5460616572818,False
81,10,2025-05-15T09:30:00+00:00,Marrara Oval,2025,Gold Coast,Hawthorn,1499.9853361559442,1537.8034921142369,-37.818155958292664,22.181844041707336,0.5318789373081769,0.4681210626918231,Gold Coast,0.5318789373081769,104.0,96.0,home_win,8.0,2.8836365915003808,1502.8689727474446,1534.9198555227365,True
82,10,2025-05-16T09:40:00+00:00,S.C.G.,2025,Sydney,Carlton,1550.5345578316108,1515.4017967938566,35.13276103775411,95.13276103775411,0.6335851389218765,0.3664148610781235,Sydney,0.6335851389218765,78.0,62.0,home_win,16.0,2.9919675764022804,1553.526525408013,1512.4098292174544,True
83,10,2025-05-17T03:20:00+00:00,M.C.G.,2025,Collingwood,Adelaide,1551.957298328811,1498.720198347717,53.237099981093934,113.23709998109393,0.6574261415591727,0.34257385844082733,Collingwood,0.6574261415591727,,,,,,,,
84,10,2025-05-17T06:15:00+00:00,Sydney Showground,2025,Greater Western Sydney,Fremantle,1522.948622198913,1510.3571711315744,12.59145106733854,72.59145106733854,0.602973443269228,0.39702655673077203,Greater Western Sydney,0.602973443269228,,,,,,,,
85,10,2025-05-17T06:15:00+00:00,Adelaide Oval,2025,Port Adelaide,Geelong,1521.068546750454,1550.8583575636694,-29.789810813215354,30.210189186784646,0.543366718781688,0.45663328121831204,Port Adelaide,0.543366718781688,,,,,,,,
86,10,2025-05-17T09:35:00+00:00,Docklands,2025,Western Bulldogs,Essendon,1543.313692798653,1484.4745930496417,58.83909974901121,118.83909974901121,0.6646515658252465,0.33534843417475346,Western Bulldogs,0.6646515658252465,,,,,,,,
87,10,2025-05-18T03:10:00+00:00,M.C.G.,2025,Richmond,North Melbourne,1399.049138567709,1363.9731135856503,35.0760249820587,95.0760249820587,0.6335093140223524,0.36649068597764756,Richmond,0.6335093140223524,,,,,,,,
88,10,2025-05-18T05:20:00+00:00,Gabba,2025,Brisbane Lions,Melbourne,1592.5460616572818,1499.3537457508198,93.192315906462,153.192315906462,0.7072045820209965,0.29279541797900355,Brisbane Lions,0.7072045820209965,,,,,,,,
89,10,2025-05-18T06:40:00+00:00,Perth Stadium,2025,West Coast,St Kilda,1366.0425549245676,1491.6117229946778,-125.56916807011021,-65.56916807011021,0.4067429242061543,0.5932570757938457,St Kilda,0.5932570757938457,,,,,,,,
90,11,2025-05-22T09:30:00+00:00,Kardinia Park,2025,Geelong,Western Bulldogs,1550.8583575636694,1543.313692798653,7.544664765016478,67.54466476501648,0.5959982076974483,0.40400179230255173,Geelong,0.5959982076974483,,,,,,,,
91,11,2025-05-23T09:40:00+00:00,M.C.G.,2025,Essendon,Richmond,1484.4745930496417,1399.049138567709,85.42545448193277,145.42545448193277,0.6978617259460774,0.3021382740539226,Essendon,0.6978617259460774,,,,,,,,
92,11,2025-05-24T02:35:00+00:00,Docklands,2025,Carlton,Greater Western Sydney,1512.4098292174544,1522.948622198913,-10.538792981458528,49.46120701854147,0.57070340370312,0.42929659629688,Carlton,0.57070340370312,,,,,,,,
93,11,2025-05-24T06:15:00+00:00,M.C.G.,2025,Hawthorn,Brisbane Lions,1534.9198555227365,1592.5460616572818,-57.62620613454533,2.3737938654546724,0.5034161108249506,0.49658388917504936,Hawthorn,0.5034161108249506,,,,,,,,
94,11,2025-05-24T09:35:00+00:00,Docklands,2025,North Melbourne,Collingwood,1363.9731135856503,1551.957298328811,-187.98418474316077,-127.98418474316077,0.3237182610826157,0.6762817389173843,Collingwood,0.6762817389173843,,,,,,,,
95,11,2025-05-24T10:10:00+00:00,Perth Stadium,2025,Fremantle,Port Adelaide,1510.3571711315744,1521.068546750454,-10.711375618879629,49.28862438112037,0.5704599865506534,0.42954001344934656,Fremantle,0.5704599865506534,,,,,,,,
96,11,2025-05-25T03:10:00+00:00,Adelaide Oval,2025,Adelaide,West Coast,1498.720198347717,1366.0425549245676,132.67764342314945,192.67764342314945,0.7519690582672843,0.24803094173271567,Adelaide,0.7519690582672843,,,,,,,,
97,11,2025-05-25T05:20:00+00:00,M.C.G.,2025,Melbourne,Sydney,1499.3537457508198,1553.526525408013,-54.17277965719313,5.827220342806868,0.5083852579331555,0.4916147420668445,Melbourne,0.5083852579331555,,,,,,,,
98,11,2025-05-25T06:40:00+00:00,Docklands,2025,St Kilda,Gold Coast,1491.6117229946778,1502.8689727474446,-11.257249752766711,48.74275024723329,0.5696898409553453,0.43031015904465475,St Kilda,0.5696898409553453,,,,,,,,
99,12,2025-05-29T09:30:00+00:00,Gabba,2025,Brisbane Lions,Essendon,1592.5460616572818,1484.4745930496417,108.0714686076401,168.0714686076401,0.7246203448020961,0.27537965519790386,Brisbane Lions,0.7246203448020961,,,,,,,,
100,12,2025-05-30T09:40:00+00:00,M.C.G.,2025,Collingwood,Hawthorn,1551.957298328811,1534.9198555227365,17.037442806074523,77.03744280607452,0.6090839243868521,0.3909160756131479,Collingwood,0.6090839243868521,,,,,,,,
101,12,2025-05-31T03:20:00+00:00,Carrara,2025,Gold Coast,Fremantle,1502.8689727474446,1510.3571711315744,-7.488198384129873,52.51180161587013,0.5750003316521471,0.42499966834785285,Gold Coast,0.5750003316521471,,,,,,,,
102,12,2025-05-31T06:15:00+00:00,Sydney Showground,2025,Greater Western Sydney,Richmond,1522.948622198913,1399.049138567709,123.89948363120402,183.89948363120402,0.7424249251149346,0.25757507488506537,Greater Western Sydney,0.7424249251149346,,,,,,,,
103,12,2025-05-31T09:35:00+00:00,S.C.G.,2025,Sydney,Adelaide,1553.526525408013,1498.720198347717,54.80632706029587,114.80632706029587,0.6594576684528558,0.3405423315471442,Sydney,0.6594576684528558,,,,,,,,
104,12,2025-06-01T05:20:00+00:00,Traeger Park,2025,Melbourne,St Kilda,1499.3537457508198,1491.6117229946778,7.742022756141978,67.74202275614198,0.5962717290589881,0.40372827094101194,Melbourne,0.5962717290589881,,,,,,,,
105,12,2025-06-01T09:20:00+00:00,Perth Stadium,2025,West Coast,Geelong,1366.0425549245676,1550.8583575636694,-184.81580263910178,-124.81580263910178,0.32772392584683413,0.6722760741531659,Geelong,0.6722760741531659,,,,,,,,
106,13,2025-06-05T09:30:00+00:00,Docklands,2025,Western Bulldogs,Hawthorn,1543.313692798653,1534.9198555227365,8.39383727591644,68.39383727591644,0.5971746625234914,0.4028253374765086,Western Bulldogs,0.5971746625234914,,,,,,,,
107,13,2025-06-06T09:40:00+00:00,Adelaide Oval,2025,Adelaide,Brisbane Lions,1498.720198347717,1592.5460616572818,-93.82586330956474,-33.82586330956474,0.45147389442581665,0.5485261055741834,Brisbane Lions,0.5485261055741834,,,,,,,,
108,13,2025-06-07T03:20:00+00:00,M.C.G.,2025,Richmond,Sydney,1399.049138567709,1553.526525408013,-154.477386840304,-94.477386840304,0.36729113827094256,0.6327088617290575,Sydney,0.6327088617290575,,,,,,,,
109,13,2025-06-07T06:15:00+00:00,Kardinia Park,2025,Geelong,Gold Coast,1550.8583575636694,1502.8689727474446,47.989384816224856,107.98938481622486,0.6505907373178051,0.34940926268219485,Geelong,0.6505907373178051,,,,,,,,
110,13,2025-06-07T09:35:00+00:00,Manuka Oval,2025,Greater Western Sydney,Port Adelaide,1522.948622198913,1521.068546750454,1.8800754484589106,61.88007544845891,0.5881227576671362,0.4118772423328638,Greater Western Sydney,0.5881227576671362,,,,,,,,
111,13,2025-06-08T05:20:00+00:00,Hands Oval,2025,North Melbourne,West Coast,1363.9731135856503,1366.0425549245676,-2.069441338917386,57.930558661082614,0.5826046816705276,0.4173953183294724,North Melbourne,0.5826046816705276,,,,,,,,
112,13,2025-06-08T09:20:00+00:00,M.C.G.,2025,Carlton,Essendon,1512.4098292174544,1484.4745930496417,27.935236167812718,87.93523616781272,0.6239142844263956,0.3760857155736044,Carlton,0.6239142844263956,,,,,,,,
113,13,2025-06-09T05:20:00+00:00,M.C.G.,2025,Melbourne,Collingwood,1499.3537457508198,1551.957298328811,-52.603552577991195,7.396447422008805,0.5106427357412929,0.48935726425870707,Melbourne,0.5106427357412929,,,,,,,,
114,14,2025-06-12T09:30:00+00:00,Docklands,2025,St Kilda,Western Bulldogs,1491.6117229946778,1543.313692798653,-51.70196980397509,8.29803019602491,0.5119395552584821,0.4880604447415179,St Kilda,0.5119395552584821,,,,,,,,
115,14,2025-06-13T09:40:00+00:00,York Park,2025,Hawthorn,Adelaide,1534.9198555227365,1498.720198347717,36.19965717501941,96.19965717501941,0.6350097567671189,0.3649902432328811,Hawthorn,0.6350097567671189,,,,,,,,
116,14,2025-06-14T03:20:00+00:00,Gabba,2025,Brisbane Lions,Greater Western Sydney,1592.5460616572818,1522.948622198913,69.59743945836885,129.59743945836885,0.6783114769846731,0.3216885230153269,Brisbane Lions,0.6783114769846731,,,,,,,,
117,14,2025-06-14T06:15:00+00:00,M.C.G.,2025,Essendon,Geelong,1484.4745930496417,1550.8583575636694,-66.38376451402769,-6.383764514027689,0.49081405807829254,0.5091859419217075,Geelong,0.5091859419217075,,,,,,,,
118,14,2025-06-14T09:35:00+00:00,Perth Stadium,2025,North Melbourne,Fremantle,1363.9731135856503,1510.3571711315744,-146.38405754592418,-86.38405754592418,0.37818324076584453,0.6218167592341555,Fremantle,0.6218167592341555,,,,,,,,
119,14,2025-06-15T05:20:00+00:00,Adelaide Oval,2025,Port Adelaide,Melbourne,1521.068546750454,1499.3537457508198,21.714800999634235,81.71480099963424,0.6154756355814806,0.38452436441851945,Port Adelaide,0.6154756355814806,,,,,,,,
120,14,2025-06-15T08:10:00+00:00,Perth Stadium,2025,West Coast,Carlton,1366.0425549245676,1512.4098292174544,-146.3672742928868,-86.3672742928868,0.3782059604166844,0.6217940395833156,Carlton,0.6217940395833156,,,,,,,,
121,15,2025-06-19T10:10:00+00:00,Perth Stadium,2025,Fremantle,Essendon,1510.3571711315744,1484.4745930496417,25.882578081932706,85.8825780819327,0.6211376713233983,0.37886232867660175,Fremantle,0.6211376713233983,,,,,,,,
122,15,2025-06-20T09:40:00+00:00,Kardinia Park,2025,Geelong,Brisbane Lions,1550.8583575636694,1592.5460616572818,-41.68770409361241,18.31229590638759,0.5263291357003586,0.47367086429964145,Geelong,0.5263291357003586,,,,,,,,
123,15,2025-06-21T03:20:00+00:00,M.C.G.,2025,Carlton,North Melbourne,1512.4098292174544,1363.9731135856503,148.4367156318042,208.4367156318042,0.768499554547821,0.23150044545217896,Carlton,0.768499554547821,,,,,,,,
124,15,2025-06-21T06:15:00+00:00,Adelaide Oval,2025,Port Adelaide,Sydney,1521.068546750454,1553.526525408013,-32.4579786575589,27.542021342441103,0.5395533371847954,0.46044666281520463,Port Adelaide,0.5395533371847954,,,,,,,,
125,15,2025-06-21T09:35:00+00:00,Docklands,2025,Collingwood,St Kilda,1551.957298328811,1491.6117229946778,60.34557533413317,120.34557533413317,0.6665816921126457,0.33341830788735427,Collingwood,0.6665816921126457,,,,,,,,
126,15,2025-06-22T03:10:00+00:00,Sydney Showground,2025,Greater Western Sydney,Gold Coast,1522.948622198913,1502.8689727474446,20.079649451468413,80.07964945146841,0.6132455705237841,0.38675442947621586,Greater Western Sydney,0.6132455705237841,,,,,,,,
127,15,2025-06-22T05:20:00+00:00,Docklands,2025,Western Bulldogs,Richmond,1543.313692798653,1399.049138567709,144.264554230944,204.264554230944,0.7641992336314767,0.23580076636852332,Western Bulldogs,0.7641992336314767,,,,,,,,
128,16,2025-06-28T14:00:00+00:00,Docklands,2025,Collingwood,West Coast,1551.957298328811,1366.0425549245676,185.91474340424338,245.91474340424338,0.8046475599551227,0.19535244004487728,Collingwood,0.8046475599551227,,,,,,,,
129,16,2025-06-28T14:00:00+00:00,Carrara,2025,Gold Coast,Melbourne,1502.8689727474446,1499.3537457508198,3.515226996624733,63.51522699662473,0.5904009280358845,0.4095990719641155,Gold Coast,0.5904009280358845,,,,,,,,
130,16,2025-06-28T14:00:00+00:00,York Park,2025,Hawthorn,North Melbourne,1534.9198555227365,1363.9731135856503,170.94674193708624,230.94674193708624,0.7907473790864256,0.20925262091357444,Hawthorn,0.7907473790864256,,,,,,,,
131,16,2025-06-28T14:00:00+00:00,M.C.G.,2025,Richmond,Adelaide,1399.049138567709,1498.720198347717,-99.67105978000814,-39.671059780008136,0.4431555802904059,0.5568444197095941,Adelaide,0.5568444197095941,,,,,,,,
132,16,2025-06-28T14:00:00+00:00,S.C.G.,2025,Sydney,Western Bulldogs,1553.526525408013,1543.313692798653,10.21283260936002,70.21283260936002,0.5996909473264592,0.4003090526735408,Sydney,0.5996909473264592,,,,,,,,
133,16,2025-06-28T14:30:00+00:00,Adelaide Oval,2025,Port Adelaide,Carlton,1521.068546750454,1512.4098292174544,8.658717532999617,68.65871753299962,0.5975414031398516,0.4024585968601484,Port Adelaide,0.5975414031398516,,,,,,,,
134,16,2025-06-28T16:00:00+00:00,Perth Stadium,2025,Fremantle,St Kilda,1510.3571711315744,1491.6117229946778,18.745448136896584,78.74544813689658,0.6114224199578059,0.3885775800421941,Fremantle,0.6114224199578059,,,,,,,,
135,17,2025-07-04T14:00:00+00:00,Gabba,2025,Brisbane Lions,Port Adelaide,1592.5460616572818,1521.068546750454,71.47751490682776,131.47751490682776,0.6806684477010903,0.31933155229890975,Brisbane Lions,0.6806684477010903,,,,,,,,
136,17,2025-07-04T14:00:00+00:00,M.C.G.,2025,Carlton,Collingwood,1512.4098292174544,1551.957298328811,-39.54746911135658,20.452530888643423,0.5293996059535347,0.47060039404646525,Carlton,0.5293996059535347,,,,,,,,
137,17,2025-07-04T14:00:00+00:00,Docklands,2025,Essendon,Gold Coast,1484.4745930496417,1502.8689727474446,-18.394379697802833,41.60562030219717,0.5595907248626693,0.44040927513733075,Essendon,0.5595907248626693,,,,,,,,
138,17,2025-07-04T14:00:00+00:00,Kardinia Park,2025,Geelong,Richmond,1550.8583575636694,1399.049138567709,151.80921899596046,211.80921899596046,0.7719353876652326,0.22806461233476738,Geelong,0.7719353876652326,,,,,,,,
139,17,2025-07-04T14:00:00+00:00,Docklands,2025,North Melbourne,Western Bulldogs,1363.9731135856503,1543.313692798653,-179.34057921300268,-119.34057921300268,0.33470531347293375,0.6652946865270662,Western Bulldogs,0.6652946865270662,,,,,,,,
140,17,2025-07-04T14:00:00+00:00,Docklands,2025,St Kilda,Hawthorn,1491.6117229946778,1534.9198555227365,-43.30813252805865,16.69186747194135,0.5240030636611658,0.4759969363388342,St Kilda,0.5240030636611658,,,,,,,,
141,17,2025-07-04T14:00:00+00:00,S.C.G.,2025,Sydney,Fremantle,1553.526525408013,1510.3571711315744,43.169354276438526,103.16935427643853,0.6442573181712838,0.35574268182871616,Sydney,0.6442573181712838,,,,,,,,
142,17,2025-07-04T14:30:00+00:00,Adelaide Oval,2025,Adelaide,Melbourne,1498.720198347717,1499.3537457508198,-0.6335474031027388,59.36645259689726,0.5846133151808354,0.41538668481916463,Adelaide,0.5846133151808354,,,,,,,,
143,17,2025-07-04T16:00:00+00:00,Perth Stadium,2025,West Coast,Greater Western Sydney,1366.0425549245676,1522.948622198913,-156.90606727434533,-96.90606727434533,0.3640482771034183,0.6359517228965816,Greater Western Sydney,0.6359517228965816,,,,,,,,
144,18,2025-07-11T14:00:00+00:00,Docklands,2025,Carlton,Brisbane Lions,1512.4098292174544,1592.5460616572818,-80.13623243982738,-20.13623243982738,0.4710540345124582,0.5289459654875418,Brisbane Lions,0.5289459654875418,,,,,,,,
145,18,2025-07-11T14:00:00+00:00,Carrara,2025,Gold Coast,Collingwood,1502.8689727474446,1551.957298328811,-49.08832558136646,10.911674418633538,0.5156980008458163,0.4843019991541837,Gold Coast,0.5156980008458163,,,,,,,,
146,18,2025-07-11T14:00:00+00:00,Sydney Showground,2025,Greater Western Sydney,Geelong,1522.948622198913,1550.8583575636694,-27.909735364756443,32.09026463524356,0.5460507252014185,0.4539492747985815,Greater Western Sydney,0.5460507252014185,,,,,,,,
147,18,2025-07-11T14:00:00+00:00,M.C.G.,2025,Melbourne,North Melbourne,1499.3537457508198,1363.9731135856503,135.38063216516957,195.38063216516957,0.7548597228059872,0.24514027719401277,Melbourne,0.7548597228059872,,,,,,,,
148,18,2025-07-11T14:00:00+00:00,M.C.G.,2025,Richmond,Essendon,1399.049138567709,1484.4745930496417,-85.42545448193277,-25.425454481932775,0.46347500795908675,0.5365249920409132,Essendon,0.5365249920409132,,,,,,,,
149,18,2025-07-11T14:00:00+00:00,Docklands,2025,St Kilda,Sydney,1491.6117229946778,1553.526525408013,-61.91480241333511,-1.91480241333511,0.4972444057161377,0.5027555942838623,Sydney,0.5027555942838623,,,,,,,,
150,18,2025-07-11T14:00:00+00:00,Eureka Stadium,2025,Western Bulldogs,Adelaide,1543.313692798653,1498.720198347717,44.59349445093585,104.59349445093585,0.6461339887173131,0.3538660112826869,Western Bulldogs,0.6461339887173131,,,,,,,,
151,18,2025-07-11T14:30:00+00:00,Adelaide Oval,2025,Port Adelaide,West Coast,1521.068546750454,1366.0425549245676,155.02599182588642,215.02599182588642,0.7751789421509313,0.2248210578490687,Port Adelaide,0.7751789421509313,,,,,,,,
152,18,2025-07-11T16:00:00+00:00,Perth Stadium,2025,Fremantle,Hawthorn,1510.3571711315744,1534.9198555227365,-24.562684391162065,35.437315608837935,0.5508222781932572,0.44917772180674276,Fremantle,0.5508222781932572,,,,,,,,
153,19,2025-07-18T14:00:00+00:00,Gabba,2025,Brisbane Lions,Western Bulldogs,1592.5460616572818,1543.313692798653,49.23236885862889,109.23236885862889,0.6522155151548967,0.34778448484510327,Brisbane Lions,0.6522155151548967,,,,,,,,
154,19,2025-07-18T14:00:00+00:00,M.C.G.,2025,Carlton,Melbourne,1512.4098292174544,1499.3537457508198,13.056083466634618,73.05608346663462,0.6036135657439673,0.3963864342560327,Carlton,0.6036135657439673,,,,,,,,
155,19,2025-07-18T14:00:00+00:00,M.C.G.,2025,Collingwood,Fremantle,1551.957298328811,1510.3571711315744,41.60012719723659,101.60012719723659,0.6421843140298711,0.3578156859701289,Collingwood,0.6421843140298711,,,,,,,,
156,19,2025-07-18T14:00:00+00:00,Docklands,2025,Essendon,Greater Western Sydney,1484.4745930496417,1522.948622198913,-38.474029149271246,21.525970850728754,0.5309387847980979,0.46906121520190214,Essendon,0.5309387847980979,,,,,,,,
157,19,2025-07-18T14:00:00+00:00,Kardinia Park,2025,Geelong,St Kilda,1550.8583575636694,1491.6117229946778,59.24663456899157,119.24663456899157,0.66517425416711,0.33482574583289004,Geelong,0.66517425416711,,,,,,,,
158,19,2025-07-18T14:00:00+00:00,York Park,2025,Hawthorn,Port Adelaide,1534.9198555227365,1521.068546750454,13.851308772282437,73.85130877228244,0.6047083208115215,0.3952916791884785,Hawthorn,0.6047083208115215,,,,,,,,
159,19,2025-07-18T14:00:00+00:00,S.C.G.,2025,Sydney,North Melbourne,1553.526525408013,1363.9731135856503,189.5534118223627,249.5534118223627,0.8079190414365318,0.19208095856346818,Sydney,0.8079190414365318,,,,,,,,
160,19,2025-07-18T14:30:00+00:00,Adelaide Oval,2025,Adelaide,Gold Coast,1498.720198347717,1502.8689727474446,-4.148774399727472,55.85122560027253,0.579691109845929,0.420308890154071,Adelaide,0.579691109845929,,,,,,,,
161,19,2025-07-18T16:00:00+00:00,Perth Stadium,2025,West Coast,Richmond,1366.0425549245676,1399.049138567709,-33.00658364314131,26.99341635685869,0.5387686744087364,0.46123132559126356,West Coast,0.5387686744087364,,,,,,,,
162,20,2025-07-25T14:00:00+00:00,Docklands,2025,Essendon,Western Bulldogs,1484.4745930496417,1543.313692798653,-58.83909974901121,1.1609002509887887,0.50167066354034,0.49832933645966004,Essendon,0.50167066354034,,,,,,,,
163,20,2025-07-25T14:00:00+00:00,Carrara,2025,Gold Coast,Brisbane Lions,1502.8689727474446,1592.5460616572818,-89.67708890983727,-29.677088909837266,0.4573948035810091,0.5426051964189909,Brisbane Lions,0.5426051964189909,,,,,,,,
164,20,2025-07-25T14:00:00+00:00,Sydney Showground,2025,Greater Western Sydney,Sydney,1522.948622198913,1553.526525408013,-30.577903209099986,29.422096790900014,0.5422408749931293,0.45775912500687066,Greater Western Sydney,0.5422408749931293,,,,,,,,
165,20,2025-07-25T14:00:00+00:00,M.C.G.,2025,Hawthorn,Carlton,1534.9198555227365,1512.4098292174544,22.510026305282054,82.51002630528205,0.616558440817945,0.383441559182055,Hawthorn,0.616558440817945,,,,,,,,
166,20,2025-07-25T14:00:00+00:00,Docklands,2025,North Melbourne,Geelong,1363.9731135856503,1550.8583575636694,-186.88524397801916,-126.88524397801916,0.3251047230762273,0.6748952769237727,Geelong,0.6748952769237727,,,,,,,,
167,20,2025-07-25T14:00:00+00:00,M.C.G.,2025,Richmond,Collingwood,1399.049138567709,1551.957298328811,-152.90815976110207,-92.90815976110207,0.36939285334973515,0.6306071466502648,Collingwood,0.6306071466502648,,,,,,,,
168,20,2025-07-25T14:00:00+00:00,Docklands,2025,St Kilda,Melbourne,1491.6117229946778,1499.3537457508198,-7.742022756141978,52.25797724385802,0.5746432288799173,0.42535677112008274,St Kilda,0.5746432288799173,,,,,,,,
169,20,2025-07-25T14:30:00+00:00,Adelaide Oval,2025,Adelaide,Port Adelaide,1498.720198347717,1521.068546750454,-22.348348402736974,37.651651597263026,0.55397395584143,0.44602604415856995,Adelaide,0.55397395584143,,,,,,,,
170,20,2025-07-25T16:00:00+00:00,Perth Stadium,2025,Fremantle,West Coast,1510.3571711315744,1366.0425549245676,144.3146162070068,204.3146162070068,0.7642511593396308,0.23574884066036916,Fremantle,0.7642511593396308,,,,,,,,
171,21,2025-08-01T14:00:00+00:00,M.C.G.,2025,Collingwood,Brisbane Lions,1551.957298328811,1592.5460616572818,-40.588763328470804,19.411236671529196,0.5279059853549725,0.47209401464502754,Collingwood,0.5279059853549725,,,,,,,,
172,21,2025-08-01T14:00:00+00:00,Kardinia Park,2025,Geelong,Port Adelaide,1550.8583575636694,1521.068546750454,29.789810813215354,89.78981081321535,0.6264159745981176,0.3735840254018824,Geelong,0.6264159745981176,,,,,,,,
173,21,2025-08-01T14:00:00+00:00,Carrara,2025,Gold Coast,Richmond,1502.8689727474446,1399.049138567709,103.81983417973561,163.8198341797356,0.719709838350659,0.28029016164934095,Gold Coast,0.719709838350659,,,,,,,,
174,21,2025-08-01T14:00:00+00:00,Docklands,2025,Melbourne,West Coast,1499.3537457508198,1366.0425549245676,133.3111908262522,193.3111908262522,0.7526486393200987,0.24735136067990127,Melbourne,0.7526486393200987,,,,,,,,
175,21,2025-08-01T14:00:00+00:00,Docklands,2025,St Kilda,North Melbourne,1491.6117229946778,1363.9731135856503,127.6386094090276,187.6386094090276,0.7465194660702009,0.2534805339297991,St Kilda,0.7465194660702009,,,,,,,,
176,21,2025-08-01T14:00:00+00:00,S.C.G.,2025,Sydney,Essendon,1553.526525408013,1484.4745930496417,69.05193235837123,129.05193235837123,0.6776258881701436,0.3223741118298564,Sydney,0.6776258881701436,,,,,,,,
177,21,2025-08-01T14:00:00+00:00,Docklands,2025,Western Bulldogs,Greater Western Sydney,1543.313692798653,1522.948622198913,20.365070599739965,80.36507059973997,0.6136351810356658,0.38636481896433417,Western Bulldogs,0.6136351810356658,,,,,,,,
178,21,2025-08-01T14:30:00+00:00,Adelaide Oval,2025,Adelaide,Hawthorn,1498.720198347717,1534.9198555227365,-36.19965717501941,23.80034282498059,0.5341979703565629,0.4658020296434371,Adelaide,0.5341979703565629,,,,,,,,
179,21,2025-08-01T16:00:00+00:00,Perth Stadium,2025,Fremantle,Carlton,1510.3571711315744,1512.4098292174544,-2.0526580858800116,57.94734191411999,0.582628175289299,0.417371824710701,Fremantle,0.582628175289299,,,,,,,,
180,22,2025-08-08T14:00:00+00:00,Gabba,2025,Brisbane Lions,Sydney,1592.5460616572818,1553.526525408013,39.01953624926887,99.01953624926887,0.6387636989870656,0.36123630101293436,Brisbane Lions,0.6387636989870656,,,,,,,,
181,22,2025-08-08T14:00:00+00:00,Docklands,2025,Carlton,Gold Coast,1512.4098292174544,1502.8689727474446,9.540856470009885,69.54085647000989,0.598761982181363,0.401238017818637,Carlton,0.598761982181363,,,,,,,,
182,22,2025-08-08T14:00:00+00:00,Kardinia Park,2025,Geelong,Essendon,1550.8583575636694,1484.4745930496417,66.38376451402769,126.38376451402769,0.674261571334323,0.32573842866567704,Geelong,0.674261571334323,,,,,,,,
183,22,2025-08-08T14:00:00+00:00,Manuka Oval,2025,Greater Western Sydney,North Melbourne,1522.948622198913,1363.9731135856503,158.97550861326272,218.97550861326272,0.7791163593077126,0.2208836406922874,Greater Western Sydney,0.7791163593077126,,,,,,,,
184,22,2025-08-08T14:00:00+00:00,M.C.G.,2025,Hawthorn,Collingwood,1534.9198555227365,1551.957298328811,-17.037442806074523,42.96255719392548,0.5615148707613655,0.4384851292386345,Hawthorn,0.5615148707613655,,,,,,,,
185,22,2025-08-08T14:00:00+00:00,M.C.G.,2025,Melbourne,Western Bulldogs,1499.3537457508198,1543.313692798653,-43.95994704783311,16.04005295216689,0.5230671057540782,0.4769328942459218,Melbourne,0.5230671057540782,,,,,,,,
186,22,2025-08-08T14:00:00+00:00,M.C.G.,2025,Richmond,St Kilda,1399.049138567709,1491.6117229946778,-92.5625844269689,-32.5625844269689,0.4532754026366838,0.5467245973633161,St Kilda,0.5467245973633161,,,,,,,,
187,22,2025-08-08T14:30:00+00:00,Adelaide Oval,2025,Port Adelaide,Fremantle,1521.068546750454,1510.3571711315744,10.711375618879629,70.71137561887963,0.6003796895399925,0.39962031046000746,Port Adelaide,0.6003796895399925,,,,,,,,
188,22,2025-08-08T16:00:00+00:00,Perth Stadium,2025,West Coast,Adelaide,1366.0425549245676,1498.720198347717,-132.67764342314945,-72.67764342314945,0.3969077831106888,0.6030922168893111,Adelaide,0.6030922168893111,,,,,,,,
189,23,2025-08-15T14:00:00+00:00,Docklands,2025,Carlton,Port Adelaide,1512.4098292174544,1521.068546750454,-8.658717532999617,51.34128246700038,0.5733528947441666,0.4266471052558334,Carlton,0.5733528947441666,,,,,,,,
190,23,2025-08-15T14:00:00+00:00,Docklands,2025,Essendon,St Kilda,1484.4745930496417,1491.6117229946778,-7.137129945036122,52.86287005496388,0.575494117005331,0.42450588299466896,Essendon,0.575494117005331,,,,,,,,
191,23,2025-08-15T14:00:00+00:00,Carrara,2025,Gold Coast,Greater Western Sydney,1502.8689727474446,1522.948622198913,-20.079649451468413,39.92035054853159,0.5571985120138297,0.44280148798617025,Gold Coast,0.5571985120138297,,,,,,,,
192,23,2025-08-15T14:00:00+00:00,M.C.G.,2025,Hawthorn,Melbourne,1534.9198555227365,1499.3537457508198,35.56610977191667,95.56610977191667,0.6341640693386924,0.3658359306613076,Hawthorn,0.6341640693386924,,,,,,,,
193,23,2025-08-15T14:00:00+00:00,Bellerive Oval,2025,North Melbourne,Richmond,1363.9731135856503,1399.049138567709,-35.0760249820587,24.923975017941302,0.5358070810209064,0.46419291897909365,North Melbourne,0.5358070810209064,,,,,,,,
194,23,2025-08-15T14:00:00+00:00,S.C.G.,2025,Sydney,Geelong,1553.526525408013,1550.8583575636694,2.668167844343543,62.66816784434354,0.5892212430535746,0.4107787569464254,Sydney,0.5892212430535746,,,,,,,,
195,23,2025-08-15T14:00:00+00:00,Docklands,2025,Western Bulldogs,West Coast,1543.313692798653,1366.0425549245676,177.2711378740853,237.2711378740853,0.7967076103226246,0.2032923896773754,Western Bulldogs,0.7967076103226246,,,,,,,,
196,23,2025-08-15T14:30:00+00:00,Adelaide Oval,2025,Adelaide,Collingwood,1498.720198347717,1551.957298328811,-53.237099981093934,6.762900018906066,0.5097313664606175,0.49026863353938255,Adelaide,0.5097313664606175,,,,,,,,
197,23,2025-08-15T16:00:00+00:00,Perth Stadium,2025,Fremantle,Brisbane Lions,1510.3571711315744,1592.5460616572818,-82.1888905257074,-22.188890525707393,0.4681109632218922,0.5318890367781077,Brisbane Lions,0.5318890367781077,,,,,,,,
198,24,2025-08-22T14:00:00+00:00,Gabba,2025,Brisbane Lions,Hawthorn,1592.5460616572818,1534.9198555227365,57.62620613454533,117.62620613454533,0.6630935692270614,0.3369064307729386,Brisbane Lions,0.6630935692270614,,,,,,,,
199,24,2025-08-22T14:00:00+00:00,M.C.G.,2025,Collingwood,Melbourne,1551.957298328811,1499.3537457508198,52.603552577991195,112.6035525779912,0.6566043059910831,0.3433956940089169,Collingwood,0.6566043059910831,,,,,,,,
200,24,2025-08-22T14:00:00+00:00,M.C.G.,2025,Essendon,Carlton,1484.4745930496417,1512.4098292174544,-27.935236167812718,32.06476383218728,0.5460143376523178,0.45398566234768223,Essendon,0.5460143376523178,,,,,,,,
201,24,2025-08-22T14:00:00+00:00,Carrara,2025,Gold Coast,Essendon,1502.8689727474446,1484.4745930496417,18.394379697802833,78.39437969780283,0.6109421734229018,0.3890578265770982,Gold Coast,0.6109421734229018,,,,,,,,
202,24,2025-08-22T14:00:00+00:00,Sydney Showground,2025,Greater Western Sydney,St Kilda,1522.948622198913,1491.6117229946778,31.336899204235124,91.33689920423512,0.628497733414242,0.371502266585758,Greater Western Sydney,0.628497733414242,,,,,,,,
203,24,2025-08-22T14:00:00+00:00,Docklands,2025,North Melbourne,Adelaide,1363.9731135856503,1498.720198347717,-134.74708476206683,-74.74708476206683,0.394059756806885,0.605940243193115,Adelaide,0.605940243193115,,,,,,,,
204,24,2025-08-22T14:00:00+00:00,M.C.G.,2025,Richmond,Geelong,1399.049138567709,1550.8583575636694,-151.80921899596046,-91.80921899596046,0.3708676592993356,0.6291323407006644,Geelong,0.6291323407006644,,,,,,,,
205,24,2025-08-22T14:00:00+00:00,Docklands,2025,Western Bulldogs,Fremantle,1543.313692798653,1510.3571711315744,32.956521667078505,92.9565216670785,0.630671993769738,0.36932800623026196,Western Bulldogs,0.630671993769738,,,,,,,,
206,24,2025-08-22T14:30:00+00:00,Adelaide Oval,2025,Port Adelaide,Gold Coast,1521.068546750454,1502.8689727474446,18.199574003009502,78.1995740030095,0.6106755946306208,0.3893244053693792,Port Adelaide,0.6106755946306208,,,,,,,,
207,24,2025-08-22T16:00:00+00:00,Perth Stadium,2025,West Coast,Sydney,1366.0425549245676,1553.526525408013,-187.48397048344532,-127.48397048344532,0.32434896688627324,0.6756510331137268,Sydney,0.6756510331137268,,,,,,,,
